key,label,total_return,annual_return,sharpe_ratio,max_drawdown,win_rate,avg_turnover,total_trades,objective_score
alpha191_momentum_core,Alpha191 动量核心 [回测优选],0.23017570021207567,0.24186254348232228,1.3304306031847877,0.10397542554809247,0.46887966804979253,0.6933333333333335,25,36.978
alpha191_flow_volatility,Alpha191 资金波动,0.0009160742712879255,0.0009579068098906074,0.22567066642860786,0.11439382168591883,0.47717842323651455,0.7733333333333334,25,-13.104
advanced_vol_momentum,前沿 波动目标动量,-0.0310339458847686,-0.032427219828217946,0.011009648026198044,0.1781068385057647,0.4730290456431535,0.41333333333333333,25,-23.973
alpha191_momentum_reversal,Alpha191 动量反转,-0.029497170042325105,-0.030822553225803295,0.04731521060417201,0.1611067961268513,0.46887966804979253,0.8266666666666667,25,-25.049
advanced_liquidity_reversal,前沿 流动性冲击反转,-0.060070580480469093,-0.06272458575901985,-0.2454698467090432,0.12976677093047007,0.4854771784232365,0.64,25,-29.253
alpha191_balanced,Alpha191 价量均衡,-0.05180637441594116,-0.05410585110718957,-0.12741376465810592,0.15911924428046342,0.4896265560165975,0.8133333333333335,25,-29.977
advanced_lowvol_quality,前沿 低波质量增强,-0.08007924542228928,-0.08357722887784735,-0.5420278091715114,0.15729543077616193,0.49377593360995853,0.29333333333333333,25,-36.507
