key,label,total_return,annual_return,sharpe_ratio,max_drawdown,win_rate,avg_turnover,total_trades,objective_score
alpha191_momentum_core,Alpha191 动量核心 [回测优选],0.23017570021207567,0.24186254348232228,1.3304306031847877,0.10397542554809247,0.46887966804979253,0.6933333333333335,25,36.978
alpha191_flow_volatility,Alpha191 资金波动,0.0009160742712879255,0.0009579068098906074,0.22567066642860786,0.11439382168591883,0.47717842323651455,0.7733333333333334,25,-13.104
alpha191_momentum_reversal,Alpha191 动量反转,-0.029497170042325105,-0.030822553225803295,0.04731521060417201,0.1611067961268513,0.46887966804979253,0.8266666666666667,25,-25.049
alpha191_balanced,Alpha191 价量均衡,-0.05180637441594116,-0.05410585110718957,-0.12741376465810592,0.15911924428046342,0.4896265560165975,0.8133333333333335,25,-29.977
