key,label,total_return,annual_return,sharpe_ratio,max_drawdown,win_rate,avg_turnover,total_trades,objective_score
backtest_value_size_alpha,价值低波Alpha [近一年优选],0.48469783435788294,0.5117228516950127,2.2440234574449183,0.06650152636842721,0.5352697095435685,0.4800000000000001,25,93.208
flow_value_rotation,资金价值轮动 [高收益],0.533376439685282,0.5635881921546031,2.229832244990257,0.13263457787237265,0.5269709543568465,0.5733333333333334,25,92.188
flow_trend_confirm,资金趋势确认,0.5176707846387638,0.5468460398755985,1.9633864865829245,0.12561759060257327,0.5518672199170125,0.3866666666666667,25,88.379
capital_lowvol_barbell,资金低波杠铃,0.5091536238182666,0.5377700890024149,2.0882226537354187,0.13188614191988324,0.5228215767634855,0.5466666666666667,25,86.676
alpha191_flow_lowvol_opt,Alpha191 资金低波增强 [回测优选],0.30677720016501353,0.32283401492031216,1.7791498781975688,0.09190084880297222,0.5394190871369294,0.7066666666666667,25,58.22
alpha191_momentum_core,Alpha191 动量核心 [回测优选],0.23017570021207567,0.24186254348232228,1.3304306031847877,0.10397542554809247,0.46887966804979253,0.6933333333333335,25,36.978
advanced_stable_momentum_opt,前沿 稳定动量增强 [回测优选],0.20959083355136698,0.22014197587418227,1.2045679380913823,0.08696460209323986,0.5103734439834025,0.46666666666666673,25,36.902
advanced_vol_momentum,前沿 波动目标动量,-0.0310339458847686,-0.032427219828217946,0.011009648026198044,0.1781068385057647,0.4730290456431535,0.41333333333333333,25,-23.973
